epoch,lr-SGD,step,train_accuracy,train_classifier_loss,train_error,train_f1,train_loss,train_precision,train_recall
,0.012061568941931666,49,,,,,,,
0,,49,0.140625,2.2044219970703125,0.859375,0.12162160873413086,2.2044219970703125,0.14678573608398438,0.15744879841804504
,0.012251272248453793,99,,,,,,,
0,,99,0.2421875,2.1417312622070312,0.7578125,0.20000964403152466,2.1417312622070312,0.20085136592388153,0.24051588773727417
,0.01256896665626045,149,,,,,,,
0,,149,0.234375,2.049671173095703,0.765625,0.19312706589698792,2.049671173095703,0.2323296070098877,0.22606144845485687
,0.013014369296363681,199,,,,,,,
0,,199,0.2109375,2.0284175872802734,0.7890625,0.20435255765914917,2.0284175872802734,0.20703712105751038,0.21839964389801025
